algos,AdaBoostClassifier,EasyEnsemble,MWMOTE,SMOTE,vSVM
abalone,0.27374301676,0.362055335968,0.403815580286,0.404006677796,0.20612244898
isolet,0.884955752212,0.611398963731,0.894308943089,0.876033057851,0.440366972477
letter,0.889034799737,0.75828460039,0.875228241023,0.882972136223,0.654424040067
mf-mor,0.992443324937,0.975609756098,0.982543640898,0.987468671679,0.866855524079
mf-zer,0.948979591837,0.942857142857,0.940594059406,0.945,0.666666666667
pima,0.629258517034,0.730831973899,0.639393939394,0.683385579937,0.473945409429
sat,0.612466124661,0.612641815235,0.629757785467,0.621052631579,0.632743362832
uair,0.815299198026,0.754204780171,0.814709110867,0.834654716764,0.523205712175
